{
  "Choosing a Crypto Exchange": "CRYPTOZONE",
  "Crypto Slang. Part 2": "FOMOOO",
  "DeFi Risks: Key Insights": "BLUMHELPS",
  "Pumptober Special": "PUMPIT",
  "What is On-chain Analysis?": "BLUMEXTRA",
  "How To Find Altcoins?": "ULTRABLUM",
  "Defi Explained": "BLUMFORCE",
  "Sharding Explained?": "BLUMTASTIC",
  "How to trade Perps?": "CRYPTOFAN",
  "Crypto Terms Part 1?": "BLUMEXPLORER",
  "Bitcoin Rainbow Chart?": "SOBLUM",
  "Token Burning: How & Why?": "ONFIRE",
  "How to analyze crypto?": "VALUE",
  "Forks Defi Explained": "GO GET",
  "Secure Your Crypto": "BEST PROJECT EVER",
  "Navigating Crypto": "HEYBLUM",
  "What are telegram mini apps?": "CRYPTOBLUM",
  "Say no to Rug Pull!": "SUPERBLUM",
  "What Are AMMs?": "CRYPTOSMART",
  "Liquidity pools Guide": "BLUMERSSS",
  "$2.5M+ Dogs Airdrop": "HAPPYDOGS",
  "Doxxing?What's That?": "NODOXXING",
  "Pre - Market Trading": "WOWBLUM",
  "Play Track & Type Track": "BLUM - BIG CITY LIFE",
  "How To Memecoin?": "MEMEBLUM"
}
